tool,n,n_tmh,f_tmh
PureseqTM,974,109,0.11190965092402463
TMHMM,780,113,0.14487179487179488
