tool,mhc_class,n,n_tmh,f_tmh
PureseqTM,1,974,109,0.11190965092402463
PureseqTM,2,5793,498,0.0859658208182289
TMHMM,1,780,113,0.14487179487179488
TMHMM,2,6023,504,0.0836792296197908
